name;geometry;Latitude;Longitude
;POINT (22.0344873 50.6063578);50.6063578;22.0344873
;POINT (22.0792365 50.5677744);50.5677744;22.0792365
;POINT (22.0783886 50.567967);50.567967;22.0783886
;POINT (22.0368061 50.6054882);50.6054882;22.0368061
Energetyków szkoła 06;POINT (22.0835028 50.544006);50.544006;22.0835028
Galeria handlowa Vivo;POINT (22.0636255 50.5849335);50.5849335;22.0636255
Sandomierska Modrzewiowa 05;POINT (22.0252917 50.6017241);50.6017241;22.0252917
Przyszowska 02;POINT (22.031138 50.5349441);50.5349441;22.031138
Przyszowska 01;POINT (22.0306787 50.5347199);50.5347199;22.0306787
Wspólna PKP 02;POINT (22.0342799 50.5981691);50.5981691;22.0342799
Sochy działki 04;POINT (22.0404911 50.6156197);50.6156197;22.0404911
Wrzosowa Skamat 01;POINT (22.0720412 50.5345708);50.5345708;22.0720412
Sosnowa I 03;POINT (22.0852052 50.5369812);50.5369812;22.0852052
Sosnowa 01;POINT (22.0885133 50.5399455);50.5399455;22.0885133
Sandomierska Ziołowa 07;POINT (22.0172836 50.6059528);50.6059528;22.0172836
;POINT (22.0492682 50.5987713);50.5987713;22.0492682
;POINT (22.0478027 50.6003753);50.6003753;22.0478027
Graniczna kościół 01;POINT (22.0501798 50.5917275);50.5917275;22.0501798
Graniczna wiadukt 02;POINT (22.0498036 50.5911837);50.5911837;22.0498036
;POINT (22.0588465 50.5860133);50.5860133;22.0588465
Dąbrowskiego dworzec PKP 01;POINT (22.0431437 50.5909992);50.5909992;22.0431437
Dąbrowskiego dworzec PKP 02;POINT (22.0420479 50.5916133);50.5916133;22.0420479
DZIAŁKOWA - OCZKO;POINT (22.0762749 50.5723419);50.5723419;22.0762749
;POINT (22.0530961 50.5930053);50.5930053;22.0530961
stanowisko 1;POINT (22.0573481 50.5693084);50.5693084;22.0573481
stanowisko 2;POINT (22.0573119 50.5693593);50.5693593;22.0573119
stanowisko 3;POINT (22.0572788 50.5694082);50.5694082;22.0572788
stanowisko 4;POINT (22.0572442 50.5694586);50.5694586;22.0572442
stanowisko 5;POINT (22.0572103 50.569507);50.569507;22.0572103
stanowisko 6;POINT (22.0571756 50.5695569);50.5695569;22.0571756
stanowisko 7;POINT (22.0571386 50.5696078);50.5696078;22.0571386
stanowisko 8;POINT (22.0571078 50.5696495);50.5696495;22.0571078
Spacerowa 01;POINT (22.0755192 50.5573607);50.5573607;22.0755192
Spacerowa 02;POINT (22.0759385 50.5572802);50.5572802;22.0759385
Działkowa Oczyszczalnia 01;POINT (22.0716275 50.5806794);50.5806794;22.0716275
Wańkowicza Jagodowa 03;POINT (22.07905 50.53839);50.53839;22.07905
Popiełuszki bank 04;POINT (22.0628509 50.5678706);50.5678706;22.0628509
Energetyków Sopocka 01;POINT (22.0894892 50.5420277);50.5420277;22.0894892
Energetyków elektrownia 05;POINT (22.0764329 50.5495384);50.5495384;22.0764329
Grabskiego ZKM 03;POINT (22.041815 50.5405034);50.5405034;22.041815
Grabskiego ZKM 08;POINT (22.0413771 50.5400184);50.5400184;22.0413771
Mireckiego 01;POINT (22.0725893 50.5477217);50.5477217;22.0725893
Mireckiego 02;POINT (22.071271 50.5475995);50.5475995;22.071271
Energetyków przejazd kolejowy 04;POINT (22.0758053 50.5496964);50.5496964;22.0758053
Staszica LO 04;POINT (22.0672685 50.5630422);50.5630422;22.0672685
Staszica delikatesy 03;POINT (22.0670351 50.5649947);50.5649947;22.0670351
Grabskiego Tryumf 09;POINT (22.0645279 50.5507582);50.5507582;22.0645279
Grabskiego Wtórsteel 02;POINT (22.0636301 50.5507663);50.5507663;22.0636301
Popiełuszki sąd 03;POINT (22.0611135 50.5678263);50.5678263;22.0611135
Sosnowa 02;POINT (22.0884157 50.5399794);50.5399794;22.0884157
Solidarności 01;POINT (22.0692345 50.5543668);50.5543668;22.0692345
Solidarności 02;POINT (22.0702719 50.5532508);50.5532508;22.0702719
Grabskiego ZZN 07;POINT (22.0564672 50.5492516);50.5492516;22.0564672
Grabskiego Mista 04;POINT (22.055503 50.5492486);50.5492486;22.055503
Kwiatkowskiego Urząd Miasta 03;POINT (22.0484541 50.5567845);50.5567845;22.0484541
Kwiatkowskiego rondo Solidarności HSW 06;POINT (22.0469347 50.5566703);50.5566703;22.0469347
Grabskiego Ikea 05;POINT (22.0496531 50.5432226);50.5432226;22.0496531
Grabskiego M16 II 06;POINT (22.0486452 50.5432077);50.5432077;22.0486452
COP posterunek celny 01;POINT (22.0389222 50.5534053);50.5534053;22.0389222
COP posterunek celny 06;POINT (22.0394486 50.5542897);50.5542897;22.0394486
Energetyków Swoły 03;POINT (22.0834033 50.5442202);50.5442202;22.0834033
Grabskiego Alutec 10;POINT (22.0371674 50.5363961);50.5363961;22.0371674
Grabskiego Alutec 01;POINT (22.037855 50.5363456);50.5363456;22.037855
Tołwińskiego 01;POINT (22.0661735 50.549105);50.549105;22.0661735
Tołwińskiego 02;POINT (22.0659535 50.5491536);50.5491536;22.0659535
Mista 01;POINT (22.0505422 50.5501349);50.5501349;22.0505422
Mista 06;POINT (22.0517992 50.5497473);50.5497473;22.0517992
Cerkamed 03;POINT (22.0479727 50.5513149);50.5513149;22.0479727
Cerkamed 04;POINT (22.0479723 50.5510207);50.5510207;22.0479723
Tarnowskiego 02;POINT (22.0819455 50.5361751);50.5361751;22.0819455
Tarnowskiego 01;POINT (22.0821169 50.5358254);50.5358254;22.0821169
Sosnowa leśniczówka 06;POINT (22.081625 50.5341106);50.5341106;22.081625
Wrzosowa domki 04;POINT (22.0763122 50.5443578);50.5443578;22.0763122
Wrzosowa domki 05;POINT (22.076567 50.5440736);50.5440736;22.076567
Kasprzyckiego HSW SA 01;POINT (22.0617512 50.5431481);50.5431481;22.0617512
Kasprzyckiego HSW SA 04;POINT (22.0612369 50.5436518);50.5436518;22.0612369
COP ZMBPOK 02;POINT (22.0423689 50.5439488);50.5439488;22.0423689
COP ZKM 05;POINT (22.0424128 50.5432793);50.5432793;22.0424128
Kasprzyckiego ZZN 02;POINT (22.0590851 50.5488211);50.5488211;22.0590851
Kasprzyckiego ZZN 03;POINT (22.0590281 50.5485948);50.5485948;22.0590281
Sosnowa I 04;POINT (22.0850841 50.5370022);50.5370022;22.0850841
COP Wodociągi 04;POINT (22.0406382 50.5491251);50.5491251;22.0406382
COP Wodociągi 03;POINT (22.040557 50.5487836);50.5487836;22.040557
Kwiatkowskiego SP ZOZ 01;POINT (22.0442773 50.556623);50.556623;22.0442773
Kwiatkowskiego SP ZOZ 08;POINT (22.0446799 50.5563672);50.5563672;22.0446799
Kwiatkowskiego ambulatorium 09;POINT (22.04395 50.5559342);50.5559342;22.04395
Jagodowa 01;POINT (22.0806024 50.5375741);50.5375741;22.0806024
Wrzosowa przedszkole 03;POINT (22.0776278 50.5387404);50.5387404;22.0776278
Wrzosowa przedszkole 02;POINT (22.07742 50.5392224);50.5392224;22.07742
Wańkowicza 01;POINT (22.0791171 50.5406385);50.5406385;22.0791171
Wańkowicza 02;POINT (22.078808 50.5402268);50.5402268;22.078808
Odlewnia 02;POINT (22.044285 50.5517897);50.5517897;22.044285
Odlewnia 05;POINT (22.0428942 50.5516105);50.5516105;22.0428942
Kwiatkowskiego politechnika 04;POINT (22.0515829 50.557553);50.557553;22.0515829
Kwiatkowskiego Strefa 05;POINT (22.052049 50.557458);50.557458;22.052049
peron 3;POLYGON ((22.042889 50.5902543, 22.0428092 50.5902327, 22.0427052 50.5903957, 22.0425922 50.5905473, 22.042479 50.5906775, 22.0423825 50.5907746, 22.0422686 50.5908804, 22.0421412 50.5909867, 22.0419947 50.591097, 22.0417972 50.5912311, 22.0411298 50.5916581, 22.0411598 50.5916767, 22.0411894 50.5916952, 22.041855 50.5912725, 22.0419705 50.5911957, 22.0420765 50.5911219, 22.0422218 50.5910119, 22.0423661 50.5908906, 22.0424601 50.590807, 22.0425657 50.5906955, 22.0426772 50.5905657, 22.0427806 50.5904286, 22.042889 50.5902543));50.59093865;22.042253863397143
peron 2;POLYGON ((22.0433936 50.5894678, 22.0432204 50.5899956, 22.0431936 50.5900675, 22.0431663 50.5901317, 22.0431348 50.5902015, 22.0431015 50.5902655, 22.0430741 50.5903171, 22.0430308 50.5903896, 22.0429826 50.59046, 22.042933 50.5905302, 22.0428776 50.5906003, 22.0428579 50.5906233, 22.0428343 50.5906513, 22.0427911 50.5907024, 22.042709 50.5907941, 22.0426496 50.5908561, 22.0425899 50.5909136, 22.0425048 50.5909868, 22.0424254 50.5910502, 22.0423251 50.5911261, 22.0422062 50.5912133, 22.0419971 50.5913551, 22.0413223 50.5917821, 22.0412953 50.5917649, 22.0412672 50.591747, 22.0414213 50.5916465, 22.0417157 50.5914585, 22.041938 50.5913164, 22.0420165 50.5912633, 22.0421029 50.5912063, 22.0422148 50.5911269, 22.0422886 50.5910714, 22.0423518 50.591021, 22.0424128 50.59097, 22.0424729 50.590917, 22.0425575 50.5908389, 22.0426249 50.5907707, 22.0426641 50.590729, 22.0426977 50.5906913, 22.0427487 50.5906336, 22.0427999 50.5905705, 22.0428356 50.5905236, 22.0428943 50.5904447, 22.0429453 50.5903662, 22.0429863 50.5902974, 22.0430304 50.5902177, 22.0430631 50.5901547, 22.043095 50.5900828, 22.0431203 50.5900228, 22.043144 50.5899604, 22.0431809 50.5898567, 22.0432127 50.5897634, 22.0433139 50.5894557, 22.0433936 50.5894678));50.5906118;22.04281706937401
peron 1;POLYGON ((22.0429771 50.5906344, 22.0430474 50.5906568, 22.0430219 50.5906889, 22.0428849 50.5908449, 22.0427903 50.5909417, 22.0427086 50.5910157, 22.042594 50.5911112, 22.0424538 50.5912191, 22.0423102 50.5913006, 22.0419068 50.5915707, 22.0418871 50.5915649, 22.0412084 50.5920123, 22.0411622 50.5919854, 22.0411791 50.5919756, 22.041464 50.5917959, 22.0417549 50.5916068, 22.0420489 50.5914184, 22.0420734 50.5914027, 22.0421866 50.5913298, 22.0423229 50.5912366, 22.042408 50.591175, 22.042509 50.5910973, 22.0425862 50.5910324, 22.042658 50.5909684, 22.042742 50.5908907, 22.0428237 50.5908094, 22.0428977 50.5907264, 22.0429771 50.5906344));50.5913152;22.042248173155667
peron 1;POLYGON ((22.0602139 50.5633126, 22.0612146 50.5620054, 22.061407 50.5617541, 22.0613132 50.5617251, 22.0604013 50.5629161, 22.06012 50.5632836, 22.0602139 50.5633126));50.56246075;22.060807979537238
peron 2;POLYGON ((22.0615065 50.5617923, 22.0615739 50.561813, 22.0612886 50.562187, 22.0603768 50.5633825, 22.0603604 50.5633775, 22.0603094 50.5633618, 22.061202 50.5621916, 22.0613579 50.5619873, 22.0615065 50.5617923));50.5627767;22.060797269841075
;POLYGON ((22.0790081 50.5447414, 22.0783253 50.5455251, 22.0783985 50.5455508, 22.0790811 50.5447671, 22.079044 50.5447541, 22.0790081 50.5447414));50.5451461;22.078703248360345
;POLYGON ((22.0555085 50.5697114, 22.0554965 50.5697079, 22.0555448 50.5696384, 22.0554739 50.5696171, 22.0554229 50.569686, 22.05541 50.5696824, 22.0538961 50.571715, 22.0539949 50.5717446, 22.0555085 50.5697114));50.5707132;22.054702484003087
Okulickiego hala targowa 02;POLYGON ((22.0575688 50.5698734, 22.05774 50.5696296, 22.0577485 50.569632, 22.0577511 50.5696618, 22.0576157 50.5698543, 22.0575768 50.5698756, 22.0575688 50.5698734));50.569758050000004;22.0576666002461
KEN parking 04;POLYGON ((22.058729 50.5749355, 22.05897 50.5750042, 22.0589869 50.5749803, 22.0587459 50.5749116, 22.058729 50.5749355));50.5749579;22.05885795
Al. Jana Pawła II Os. Centralne I 06;POLYGON ((22.0640184 50.5716423, 22.0642025 50.5712956, 22.0641577 50.571286, 22.064144 50.5713118, 22.0641091 50.5713776, 22.0640453 50.5714976, 22.0640328 50.5715212, 22.0639736 50.5716327, 22.0640184 50.5716423));50.571437599999996;22.06410214852899
Al. Jana Pawła II stacja paliw 01;POLYGON ((22.0634646 50.5734987, 22.0636402 50.5731699, 22.0636899 50.5731802, 22.0635135 50.5735093, 22.0634646 50.5734987));50.573339450000006;22.063577095206426
Popiełuszki apteka 06;POLYGON ((22.0673035 50.5685458, 22.0671388 50.5685231, 22.0671566 50.568471, 22.0673214 50.5684937, 22.0673035 50.5685458));50.5685084;22.067230085892515
Czarnieckiego Os. Flisaków 03;POLYGON ((22.0733712 50.5683077, 22.0731532 50.5683568, 22.0731633 50.5683748, 22.0733812 50.5683257, 22.0733712 50.5683077));50.56834125;22.073267215835017
Czarnieckiego Os. Lasowiaków 02;POLYGON ((22.0731839 50.568203, 22.0734371 50.5681338, 22.073424 50.5681144, 22.0733569 50.568117, 22.0732349 50.568151, 22.0731785 50.5681894, 22.0731839 50.568203));50.5681702;22.073255306936417
Żwirki i Wigury Andersa 02;POLYGON ((22.071726 50.5658004, 22.0717976 50.565828, 22.0718188 50.5658059, 22.0717472 50.5657783, 22.071726 50.5658004));50.56580315;22.0717724
Żwirki i Wigury hotel Hutnik 01;POLYGON ((22.071152 50.5657578, 22.0712234 50.5657857, 22.0712799 50.5657275, 22.0712086 50.5656996, 22.071152 50.5657578));50.565742650000004;22.07121596301546
Rozwadów Rynek 02;POLYGON ((22.0472206 50.5916573, 22.047241 50.591656, 22.0472632 50.5916546, 22.0473031 50.5916521, 22.047331 50.5918317, 22.047293 50.5918342, 22.0472717 50.5918355, 22.0472497 50.5918369, 22.0472236 50.5916757, 22.0472206 50.5916573));50.5917537;22.047277556052876
Rozwadów Rynek 01;POLYGON ((22.0470529 50.5927098, 22.0470623 50.5927159, 22.0470902 50.5927314, 22.0471244 50.5927144, 22.0471579 50.5926927, 22.0471373 50.59268, 22.0472036 50.5926296, 22.0471947 50.5926242, 22.0471853 50.5926204, 22.0471391 50.5926571, 22.0470529 50.5927098));50.59266855;22.04713636686969
Al. Jana Pawła II Os. Młodynie 02;POLYGON ((22.0540181 50.5818628, 22.054272 50.5816538, 22.0542316 50.5816341, 22.0539778 50.581843, 22.0540181 50.5818628));50.581748399999995;22.054124904864334
Al. Jana Pawła II Górka 07;POLYGON ((22.0525464 50.583516, 22.052754 50.5833436, 22.0527867 50.5833595, 22.0527412 50.5833974, 22.0527568 50.583405, 22.052701 50.5834513, 22.0526875 50.5834448, 22.0525813 50.583533, 22.052552 50.5835187, 22.0525464 50.583516));50.5834249;22.05269445865535
Al. Jana Pawła II straż 04;POLYGON ((22.058498 50.5781845, 22.0587092 50.578006, 22.0586707 50.5779876, 22.0585997 50.5780476, 22.0585835 50.5780398, 22.0585497 50.5780237, 22.0584652 50.5780951, 22.0584965 50.5781101, 22.0585065 50.5781148, 22.0584507 50.578162, 22.058498 50.5781845));50.57807135;22.05856259290616
Staszica Wzorcowy 02;POLYGON ((22.0657837 50.5674785, 22.0658463 50.5673114, 22.0657909 50.567303, 22.0657321 50.5674602, 22.0657283 50.5674702, 22.0657837 50.5674785));50.5673858;22.065789178417646
Energetyków mleczarnia 02;POLYGON ((22.0705636 50.5568515, 22.0706796 50.5566926, 22.0706261 50.5566768, 22.0705101 50.5568357, 22.0705636 50.5568515));50.55676415;22.07059485
Al. Jana Pawła II cmentarz 08;POLYGON ((22.0502375 50.5852356, 22.0503498 50.5851389, 22.0503211 50.5851254, 22.0502794 50.5851613, 22.0502684 50.5851708, 22.0502598 50.5851782, 22.0502088 50.5852221, 22.0502375 50.5852356));50.585200150000006;22.050256484462246
Energetyków LOK 07;POLYGON ((22.0699224 50.5581403, 22.0699764 50.5581563, 22.0698581 50.558317, 22.0698041 50.558301, 22.0699224 50.5581403));50.558228650000004;22.069890249999997
Staszica stacja paliw 01;POLYGON ((22.068083 50.5615562, 22.0681406 50.5613833, 22.0681862 50.5613671, 22.0681178 50.5615835, 22.068083 50.5615562));50.56146975;22.06813277712569
Al. Jana Pawła II Poręby 03;POLYGON ((22.059025 50.5781611, 22.0587568 50.5783987, 22.0589325 50.5783263, 22.0589821 50.5782906, 22.059025 50.5781611));50.57822585;22.058977730492423
Al. Jana Pawła II Poręby I 05;POLYGON ((22.0547531 50.5816914, 22.0549174 50.581554, 22.0548959 50.5816417, 22.0548356 50.5816894, 22.0547806 50.5817047, 22.0547531 50.5816914));50.581597849999994;22.05488580755095
Przemysłowa Boczna 02;POLYGON ((22.0415727 50.5794386, 22.0417699 50.579389, 22.0417634 50.5793786, 22.0417511 50.5793589, 22.041554 50.5794086, 22.0415682 50.5794314, 22.0415727 50.5794386));50.5793988;22.041661900942756
Przemysłowa Boczna 01;POLYGON ((22.0441549 50.5786781, 22.0443581 50.5786276, 22.044348 50.5786112, 22.0441448 50.5786616, 22.0441549 50.5786781));50.5786446;22.04425151786107
Sikorskiego 02;POLYGON ((22.0396671 50.5871188, 22.0396144 50.5869875, 22.0396451 50.5869826, 22.0396979 50.5871138, 22.0396671 50.5871188));50.587050649999995;22.03965611627417
Sikorskiego 01;POLYGON ((22.039577 50.5871186, 22.0396272 50.58725, 22.0396147 50.5872519, 22.0396032 50.5872537, 22.039553 50.5871223, 22.0395634 50.5871207, 22.039577 50.5871186));50.587186149999994;22.039590099999998
Kusocińskiego 02;POLYGON ((22.0333563 50.5943632, 22.0331945 50.5944543, 22.033213 50.5944676, 22.0333748 50.5943765, 22.0333563 50.5943632));50.5944154;22.03328465
Kusocińskiego 01;POLYGON ((22.0338421 50.5940747, 22.0339791 50.5940239, 22.033964 50.5940074, 22.033827 50.5940582, 22.0338421 50.5940747));50.59404105;22.03390305
Świerkowa Modrzewiowa 02;POLYGON ((22.0236535 50.6008758, 22.0238508 50.60082, 22.0238637 50.6008383, 22.0236663 50.6008941, 22.0236535 50.6008758));50.60085705;22.023758583198912
Świerkowa Modrzewiowa 01;POLYGON ((22.0227306 50.6010806, 22.0229249 50.6010253, 22.0229124 50.6010076, 22.0227181 50.6010629, 22.0227306 50.6010806));50.6010441;22.0228215
Świerkowa Brzozowa 04;POLYGON ((22.0152066 50.6024878, 22.0154095 50.6024345, 22.0154202 50.6024508, 22.0152173 50.6025041, 22.0152066 50.6024878));50.602469299999996;22.015313400000014
Świerkowa Brzozowa 03;POLYGON ((22.0146246 50.602587, 22.0144295 50.6026427, 22.0144177 50.602626, 22.0146128 50.6025703, 22.0146246 50.602587));50.6026065;22.014521149999993
Polna szkoła 01;POLYGON ((22.0518958 50.5934762, 22.0520349 50.5935099, 22.0520443 50.5934943, 22.0519912 50.5934814, 22.0520003 50.5934662, 22.0519143 50.5934454, 22.0518958 50.5934762));50.5934788;22.05194964416485
Brandwicka Grunwaldzka 01;POLYGON ((22.0449543 50.596439, 22.0448245 50.5963273, 22.0448538 50.5963136, 22.0449837 50.5964252, 22.0449543 50.596439));50.59637625;22.044904052584265
Brandwicka Topolowa 08;POLYGON ((22.0439143 50.5957019, 22.0437439 50.5955597, 22.0436995 50.5955811, 22.0438699 50.5957233, 22.0439143 50.5957019));50.5956415;22.0438069
Brandwicka Podskarpowa 03;POLYGON ((22.0493967 50.6002178, 22.0492704 50.6001033, 22.0492903 50.6000945, 22.0493005 50.6000899, 22.0494269 50.6002044, 22.0493967 50.6002178));50.60015385;22.04934862792576
Brandwicka Karnaty 05;POLYGON ((22.0531496 50.6044589, 22.0530392 50.6042833, 22.0530616 50.6042776, 22.053172 50.6044532, 22.0531496 50.6044589));50.60436825;22.053105600000002
Brandwicka Karnaty 04;POLYGON ((22.0524717 50.6037079, 22.0524029 50.6036016, 22.0523982 50.603604, 22.0524113 50.6036506, 22.0525986 50.6039273, 22.0526517 50.6039158, 22.0526281 50.6038857, 22.0524717 50.6037079));50.6037968;22.052530081857604
Brandwicka Slovrur 02;POLYGON ((22.055524 50.6082015, 22.0554537 50.6081355, 22.0553226 50.6079817, 22.0552794 50.6078771, 22.0552589 50.6078522, 22.0552219 50.6078661, 22.0552317 50.6078979, 22.0554366 50.6081427, 22.055524 50.6082015));50.60805860000001;22.05537717873775
Brandwicka Os. Posanie 09;POLYGON ((22.0575542 50.6096778, 22.0575825 50.6097236, 22.05752 50.6097392, 22.0574916 50.6096934, 22.0575542 50.6096778));50.609708499999996;22.057537066484713
Brandwicka Różana 06;POLYGON ((22.0475873 50.5987974, 22.047837 50.599014, 22.0478134 50.599025, 22.0475638 50.5988083, 22.0475873 50.5987974));50.59891115;22.047700348911594
Sandomierska muzeum 01;POLYGON ((22.0407562 50.5952137, 22.0407267 50.5952637, 22.0406328 50.5953156, 22.0405349 50.5953269, 22.0407562 50.5952137));50.59528965;22.040643735887816
Sandomierska muzeum 08;POLYGON ((22.0414018 50.5946915, 22.0411947 50.5948076, 22.0412212 50.5947503, 22.0413146 50.5946986, 22.0414018 50.5946915));50.59472445;22.04130546177864
Sandomierska PKP 03;POLYGON ((22.0328714 50.5982075, 22.0329577 50.5982083, 22.033052 50.5981737, 22.0331115 50.5981217, 22.0328714 50.5982075));50.5981477;22.033060246212123
Sandomierska PKP 06;POLYGON ((22.0345329 50.5974921, 22.0347769 50.597403, 22.0347605 50.5973848, 22.0345164 50.5974739, 22.0345329 50.5974921));50.59743845;22.034646669893377
Sandomierska Modrzewiowa 04;POLYGON ((22.0261045 50.6012237, 22.0260313 50.601261, 22.0259915 50.6012295, 22.0260647 50.6011922, 22.0261045 50.6012237));50.601226600000004;22.026047999999992
Sandomierska Ziołowa 02;POLYGON ((22.0173141 50.605859, 22.0174188 50.605802, 22.0173504 50.6057731, 22.0172806 50.6058105, 22.0173141 50.605859));50.60583475;22.017327996710527
Ogrodowa 01;POLYGON ((22.036991 50.6026726, 22.0370756 50.6025549, 22.03709 50.6025591, 22.0370054 50.6026767, 22.036991 50.6026726));50.60261585;22.037040482657073
Ogrodowa 04;POLYGON ((22.0372281 50.6021857, 22.0372653 50.6021327, 22.0372493 50.6021282, 22.0372121 50.6021812, 22.0372281 50.6021857));50.602156949999994;22.037238700000003
Wspólna 04;POLYGON ((22.0374765 50.599902, 22.0376389 50.5999899, 22.0376566 50.5999768, 22.0374942 50.5998889, 22.0374765 50.599902));50.5999394;22.037566549999994
Wspólna 01;POLYGON ((22.0377188 50.6001152, 22.037837 50.6001815, 22.0378194 50.6001941, 22.0377012 50.6001278, 22.0377188 50.6001152));50.60015465;22.0377691
Sochy Os. Charzewice 06;POLYGON ((22.0356756 50.6076402, 22.0358894 50.6076375, 22.035889 50.6076231, 22.0356751 50.6076257, 22.0356756 50.6076402));50.607631600000005;22.035782269779695
Ogrodowa bloki 03;POLYGON ((22.0352872 50.6080875, 22.0353063 50.6079764, 22.0353271 50.6079779, 22.0353079 50.6080889, 22.0352872 50.6080875));50.6080327;22.035307121071593
Sochy działki 03;POLYGON ((22.040491 50.6147866, 22.0404869 50.614756, 22.0404325 50.6147589, 22.0404366 50.6147895, 22.040491 50.6147866));50.61477275;22.04046175
Sochy 01;POLYGON ((22.041271 50.6256777, 22.0412255 50.6256357, 22.0411805 50.6256552, 22.0412261 50.6256973, 22.041271 50.6256777));50.62566645;22.04122574888658
Ogrodowa wiadukt 02;POLYGON ((22.0352337 50.6073484, 22.0352633 50.6071302, 22.035242 50.607129, 22.0352309 50.6072103, 22.0352091 50.6072091, 22.0352018 50.6072631, 22.0352191 50.607264, 22.0352078 50.607347, 22.0352337 50.6073484));50.6072367;22.035227110796413
Tysiąclecia 02;POLYGON ((22.0376944 50.5893583, 22.0378973 50.5893202, 22.0379019 50.5893301, 22.037906 50.5893389, 22.0377031 50.5893769, 22.0376992 50.5893687, 22.0376944 50.5893583));50.5893486;22.03780013203032
Tysiąclecia 01;POLYGON ((22.0376928 50.5893034, 22.0374866 50.5893414, 22.037484 50.5893356, 22.0374814 50.58933, 22.0375248 50.589322, 22.0375118 50.5892936, 22.0375791 50.5892812, 22.0375911 50.5893075, 22.0376866 50.5892899, 22.0376894 50.589296, 22.0376928 50.5893034));50.58931475;22.037576346326908
Kasztanowa 01;POLYGON ((22.0326366 50.5918615, 22.0327412 50.5917442, 22.032714 50.5917344, 22.0326094 50.5918517, 22.0326366 50.5918615));50.59179795;22.0326753
Kasztanowa 02;POLYGON ((22.0328131 50.5917726, 22.0329175 50.5916545, 22.0329437 50.5916639, 22.0328394 50.5917819, 22.0328131 50.5917726));50.59171825;22.03287840267152
Targowa 01;POLYGON ((22.0450657 50.5879485, 22.0450149 50.5878136, 22.0450253 50.587812, 22.0450349 50.5878106, 22.0450858 50.5879455, 22.0450755 50.587947, 22.0450657 50.5879485));50.58787955;22.04505032555597
Targowa 02;POLYGON ((22.0448449 50.5876133, 22.0447945 50.5874823, 22.0447844 50.5874838, 22.0447755 50.5874852, 22.0448259 50.5876162, 22.0448343 50.5876149, 22.0448449 50.5876133));50.58754925;22.0448102
Klasztorna klasztor 02;POLYGON ((22.0469525 50.5843386, 22.0469941 50.5840717, 22.0469681 50.58407, 22.0469264 50.584337, 22.046941 50.5843379, 22.0469525 50.5843386));50.58420435;22.046960270969045
Przemysłowa składy budowlane 02;POLYGON ((22.0451389 50.5777825, 22.0450636 50.5776336, 22.0450412 50.5776382, 22.045067 50.5776893, 22.0450371 50.5776954, 22.0450627 50.5777461, 22.0450846 50.5777417, 22.0451084 50.5777887, 22.0451246 50.5777854, 22.0451389 50.5777825));50.57771855;22.045077674545716
KEN stacja paliw 05;POLYGON ((22.045982 50.570842, 22.0462862 50.5708977, 22.0462743 50.570924, 22.0461804 50.5709068, 22.046175 50.5709187, 22.0460718 50.5708998, 22.0460781 50.5708858, 22.045971 50.5708662, 22.045982 50.570842));50.570876;22.046096118806098
Ofiar Katynia cmentarz 02;POLYGON ((22.0392903 50.5681534, 22.0395776 50.5680669, 22.0395615 50.5680454, 22.0392742 50.5681319, 22.0392903 50.5681534));50.568099399999994;22.03942590000002
Ofiar Katynia Jubilat 04;POLYGON ((22.0469224 50.5658637, 22.0466416 50.5659474, 22.0466265 50.5659268, 22.0469073 50.5658432, 22.0469224 50.5658637));50.56589525;22.046774513304534
Orzeszkowej Jubilat 02;POLYGON ((22.0485469 50.564791, 22.0486207 50.5648702, 22.0486622 50.5649034, 22.0487628 50.5649767, 22.0486864 50.564998, 22.0485724 50.5648472, 22.0485348 50.5647927, 22.0485469 50.564791));50.5648868;22.04862189316976
Orzeszkowej Os. Metalowców 01;POLYGON ((22.0477162 50.5634105, 22.0478451 50.5635806, 22.0478951 50.5635654, 22.0477663 50.5633952, 22.0477162 50.5634105));50.56348795;22.047805689994362
Ofiar Katynia Fabryczne 03;POLYGON ((22.0455956 50.5663798, 22.0457228 50.5663437, 22.045745 50.5663753, 22.0456179 50.5664114, 22.0455956 50.5663798));50.56637755;22.045670303116342
Ofiar Katynia supermarket 05;POLYGON ((22.0411177 50.5677314, 22.0407969 50.5678256, 22.0408063 50.5678386, 22.0408109 50.5678449, 22.0409045 50.5678175, 22.0409149 50.5678317, 22.0410056 50.567805, 22.0409956 50.5677913, 22.0411321 50.5677512, 22.0411252 50.5677417, 22.0411177 50.5677314));50.56777125;22.041022920010615
Niezłomnych supermarket 02;POLYGON ((22.0469839 50.5718648, 22.0471562 50.5716737, 22.0472034 50.5716909, 22.0471864 50.5717098, 22.0472185 50.5717215, 22.0471766 50.5717679, 22.047141 50.571755, 22.0470276 50.5718807, 22.0470018 50.5718713, 22.0469839 50.5718648));50.57181635;22.04705661840847
Niezłomnych salon samochodowy 01;POLYGON ((22.0466145 50.5720082, 22.0465335 50.5720775, 22.0464819 50.5721384, 22.0464484 50.5721563, 22.0464309 50.5721614, 22.0464081 50.5721623, 22.046462 50.5720986, 22.0464018 50.5720792, 22.0464425 50.5720325, 22.0464667 50.5720382, 22.0465284 50.572032, 22.0465664 50.5719907, 22.0466145 50.5720082));50.57205785;22.04648843724589
Niezłomnych skrzyżowanie 03;POLYGON ((22.047816 50.5705648, 22.0479234 50.5704446, 22.0479001 50.5704362, 22.0477926 50.5705564, 22.047816 50.5705648));50.5705005;22.047858023252914
Przemysłowa stacja paliw 01;POLYGON ((22.0447645 50.5768132, 22.0446685 50.5766625, 22.044715 50.5766506, 22.044731 50.5766756, 22.0447566 50.576669, 22.0447878 50.576718, 22.0447591 50.5767254, 22.0448079 50.576802, 22.0447645 50.5768132));50.5767637;22.044758233576644
Klasztorna cmentarz 01;POLYGON ((22.0469359 50.58515, 22.0469731 50.5848816, 22.0470269 50.5848846, 22.0470127 50.5849868, 22.0470408 50.5849884, 22.0470331 50.5850444, 22.0470025 50.5850427, 22.0469872 50.5851529, 22.0469359 50.58515));50.58501555;22.04699580076239
Kwiatkowskiego KUL 07;POLYGON ((22.0590634 50.5613085, 22.0591866 50.5614208, 22.0592434 50.5613956, 22.0591202 50.5612834, 22.0590634 50.5613085));50.561352049999996;22.059153378708984
Hutnicza przychodnia 02;POLYGON ((22.0556528 50.5636239, 22.0557758 50.563788, 22.0557912 50.5637834, 22.0557823 50.5637715, 22.0558236 50.563759, 22.0557816 50.563703, 22.0557499 50.5637126, 22.0556778 50.5636164, 22.0556528 50.5636239));50.56366345;22.055697753734933
Podleśna dom dziecka 02;POLYGON ((22.0503159 50.5698021, 22.0504905 50.5698566, 22.050446 50.569914, 22.0503008 50.5698687, 22.050318 50.5698466, 22.0503005 50.5698219, 22.0503159 50.5698021));50.569862650000005;22.05039565913313
Podleśna bloki 01;POLYGON ((22.0501735 50.5696825, 22.050267 50.5697128, 22.0502838 50.5696928, 22.0503231 50.5696811, 22.0501747 50.569635, 22.0501864 50.5696642, 22.0501735 50.5696825));50.56967265;22.050238171070557
KEN Sanepid 02;POLYGON ((22.0490454 50.5711977, 22.048682 50.5711174, 22.0486982 50.5710879, 22.0488499 50.5711214, 22.0488593 50.5711043, 22.0489562 50.5711257, 22.0489455 50.5711453, 22.0490602 50.5711707, 22.0490454 50.5711977));50.5711355;22.048857381039845
Popiełuszki Dmowskiego 05;POLYGON ((22.0529104 50.5656956, 22.0532309 50.5657953, 22.0531491 50.5658072, 22.0529721 50.5657544, 22.0529104 50.5656956));50.565725;22.0529730802658
Popiełuszki MOPS 02;POLYGON ((22.0543239 50.5660082, 22.0545962 50.5660926, 22.0545492 50.5660406, 22.0544218 50.5660023, 22.0543239 50.5660082));50.5660666;22.054542508056873
Ofiar Katynia przychodnia 01;POLYGON ((22.0549423 50.5635613, 22.0547515 50.5636204, 22.0547644 50.5636371, 22.0549552 50.563578, 22.0549423 50.5635613));50.5635992;22.054853350000002
Hutnicza apteka 01;POLYGON ((22.0549449 50.562946, 22.0550584 50.563102, 22.0549915 50.5631216, 22.0549321 50.56304, 22.0549047 50.563048, 22.0548736 50.5630051, 22.0548976 50.5629981, 22.0548747 50.5629666, 22.0549449 50.562946));50.56302255;22.054943422632576
Hutnicza szkoła 03;POLYGON ((22.0526371 50.5598245, 22.052737 50.5599629, 22.0527079 50.5599714, 22.0526645 50.5599111, 22.0526385 50.5599186, 22.0526104 50.5598797, 22.052632 50.5598734, 22.0526037 50.5598342, 22.0526371 50.5598245));50.5598954;22.05265500911324
Ofiar Katynia poczta 06;POLYGON ((22.0557828 50.5631823, 22.0559947 50.5631181, 22.0559829 50.5631024, 22.0558935 50.5631295, 22.055878 50.5631089, 22.0557665 50.5631427, 22.0557812 50.5631623, 22.0557702 50.5631656, 22.0557828 50.5631823));50.5631361;22.05586178048719
Kwiatkowskiego Urząd Skarbowy 02;POLYGON ((22.0584021 50.5611048, 22.0586141 50.5612172, 22.0587253 50.5612666, 22.0586891 50.5612999, 22.0586382 50.5612769, 22.0586549 50.5612612, 22.0585939 50.5612352, 22.0583847 50.561121, 22.0584021 50.5611048));50.5611691;22.058498095357464
Solidarności PKP 03;POLYGON ((22.0608314 50.5618052, 22.0611552 50.5617164, 22.0611361 50.5616881, 22.0608167 50.5617752, 22.0608314 50.5618052));50.5617458;22.060986253598706
Mickiewicza LO 02;POLYGON ((22.0644276 50.5628228, 22.0647054 50.5629326, 22.064719 50.5629187, 22.064636 50.5628859, 22.0646555 50.562866, 22.0645994 50.5628438, 22.0645807 50.5628628, 22.0644421 50.562808, 22.0644276 50.5628228));50.56287595;22.064603911202184
Czarnieckiego Os. Zasanie 04;POLYGON ((22.0901533 50.5671106, 22.0904714 50.5670889, 22.0904669 50.5670618, 22.0903503 50.5670698, 22.0903448 50.5670373, 22.0902599 50.5670431, 22.0902655 50.5670763, 22.0901488 50.5670843, 22.0901533 50.5671106));50.56707305;22.090366859944204
Czarnieckiego działki 01;POLYGON ((22.0891268 50.5672922, 22.089463 50.5672723, 22.0894673 50.5673015, 22.089427 50.5673039, 22.0894298 50.5673225, 22.0893583 50.5673268, 22.0893556 50.5673087, 22.0891312 50.567322, 22.0891268 50.5672922));50.56729685;22.089297050908453
Os. Zasanie 01;POLYGON ((22.093306 50.5627206, 22.0933106 50.5627561, 22.0932758 50.5627579, 22.0932713 50.5627224, 22.093306 50.5627206));50.56273925;22.093290926267606
Popiełuszki bazylika 01;POLYGON ((22.0687346 50.5688482, 22.0684755 50.568813, 22.0684605 50.5688575, 22.0687196 50.5688927, 22.0687346 50.5688482));50.56885285;22.06859755
1 Sierpnia szkoła im. T. Kościuszki 01;POLYGON ((22.0514203 50.5725183, 22.0512528 50.5724632, 22.051234 50.5724504, 22.0512438 50.5724384, 22.0514343 50.5725011, 22.0514203 50.5725183));50.57248215;22.051343565632735
Okulickiego bank 04;POLYGON ((22.0515876 50.5780743, 22.0514456 50.5782484, 22.0515004 50.5782363, 22.0515615 50.5781614, 22.0515883 50.5781703, 22.0516499 50.5780948, 22.0516205 50.5780851, 22.0515876 50.5780743));50.5781281;22.05158322510002
Okulickiego Górka 01;POLYGON ((22.0520717 50.5820295, 22.0523564 50.5821754, 22.0523337 50.5821932, 22.0522859 50.5821675, 22.0522744 50.5821759, 22.0522183 50.5821412, 22.052224 50.5821365, 22.0520529 50.582042, 22.0520717 50.5820295));50.582089249999996;22.052163371178885
Okulickiego ZBR 03;POLYGON ((22.0517849 50.5775803, 22.0519036 50.5774316, 22.051866 50.5774195, 22.0517473 50.5775682, 22.0517849 50.5775803));50.5774999;22.05182545
Okulickiego PKS 05;POLYGON ((22.0581254 50.5685727, 22.0581996 50.5684646, 22.0581713 50.5684568, 22.0580971 50.5685649, 22.0581254 50.5685727));50.56851475;22.058148350000003
Mickiewicza dworzec PKP 01;POLYGON ((22.0629618 50.5623723, 22.0632088 50.5624712, 22.0631905 50.5624897, 22.0630418 50.5624301, 22.0630262 50.5624458, 22.0629604 50.5624195, 22.0629774 50.5624024, 22.0629449 50.5623894, 22.0629618 50.5623723));50.56243795;22.063093572268073
Poniatowskiego supermarket 02;POLYGON ((22.0719458 50.5704055, 22.0722264 50.5703299, 22.0722522 50.5703686, 22.0719716 50.5704441, 22.0719458 50.5704055));50.57038705;22.072098954649164
Poniatowskiego supermarket 03;POLYGON ((22.0708308 50.5705761, 22.0710766 50.5705107, 22.0710599 50.5704853, 22.0708141 50.5705508, 22.0708308 50.5705761));50.57053075;22.070945292476235
Poniatowskiego ochronka 04;POLYGON ((22.0681904 50.5720826, 22.0684294 50.571903, 22.068457 50.5719167, 22.0684027 50.5719693, 22.0683264 50.5720251, 22.0682035 50.5720889, 22.0681904 50.5720826));50.5719972;22.068334297383075
Poniatowskiego bank 01;POLYGON ((22.0678022 50.5722111, 22.0676136 50.572378, 22.067582 50.5723637, 22.0677707 50.5721967, 22.0678022 50.5722111));50.57228739999999;22.067692097029834
KEN hotel Stal 01;POLYGON ((22.0623943 50.5770557, 22.0626216 50.577135, 22.0626072 50.5771517, 22.0625184 50.5771207, 22.0625121 50.5771279, 22.0624399 50.5771027, 22.0624463 50.5770953, 22.06238 50.5770722, 22.0623943 50.5770557));50.5771117;22.0625102501081
KEN wiadukt 03;POLYGON ((22.0569864 50.5745174, 22.0572 50.5746064, 22.0571765 50.5746291, 22.0569629 50.5745401, 22.0569864 50.5745174));50.57457325;22.05708145
KEN rondo 06;POLYGON ((22.0630215 50.5767252, 22.0632182 50.5768587, 22.0632595 50.5768342, 22.0630627 50.5767007, 22.0630215 50.5767252));50.5767797;22.06314047958802
Okulickiego supermarket 06;POLYGON ((22.0548148 50.5737118, 22.0547789 50.5737656, 22.0548523 50.5737854, 22.0548883 50.5737315, 22.0548148 50.5737118));50.573748550000005;22.054833594737687
Okulickiego wiadukt 07;POLYGON ((22.0548297 50.5733586, 22.0547301 50.573509, 22.0547055 50.5735024, 22.054805 50.573352, 22.0548297 50.5733586));50.5734305;22.054767576097078
Poniatowskiego szkoła 06;POLYGON ((22.0618031 50.5818322, 22.0617151 50.581999, 22.0617387 50.582004, 22.0618267 50.5818372, 22.0618031 50.5818322));50.5819181;22.0617709
Poniatowskiego szkoła 05;POLYGON ((22.0617991 50.5814039, 22.0617077 50.5815772, 22.061654 50.5815657, 22.0617454 50.5813925, 22.0617991 50.5814039));50.5814848;22.061726562317382
Galeria handlowa Vivo;POLYGON ((22.0635731 50.5850965, 22.0639279 50.5847097, 22.0639516 50.5847185, 22.0639804 50.5847291, 22.063745 50.5849858, 22.0636256 50.5851159, 22.063602 50.5851072, 22.0635731 50.5850965));50.58485745;22.063827536685622
Jodłowa 01;POLYGON ((22.029117 50.5953327, 22.0291344 50.5953459, 22.0289763 50.5954294, 22.0289589 50.5954162, 22.029117 50.5953327));50.59538105;22.029046649999998
Jodłowa 02;POLYGON ((22.0287588 50.5954619, 22.028917 50.595378, 22.0289001 50.5953651, 22.0287418 50.5954489, 22.0287588 50.5954619));50.595413449999995;22.028829461034462
Niezłomnych Starostwo Powiatowe 04;POLYGON ((22.0491325 50.5678233, 22.0491096 50.5679001, 22.0491375 50.5679034, 22.0491604 50.5678266, 22.0491325 50.5678233));50.567863349999996;22.049135
;POLYGON ((22.0240964 50.6025127, 22.0242988 50.6025976, 22.0244815 50.6026835, 22.0246606 50.6027771, 22.0248133 50.6028649, 22.0249814 50.6029747, 22.0251207 50.6030741, 22.0252198 50.6031504, 22.0252883 50.60321, 22.0253804 50.6032907, 22.0254671 50.603374, 22.0255371 50.6034486, 22.0256117 50.6035315, 22.0256766 50.6036077, 22.0257544 50.6037134, 22.0258152 50.6038031, 22.0258635 50.603882, 22.0259395 50.6038644, 22.0258876 50.6037861, 22.0258242 50.6036925, 22.0257455 50.6035829, 22.0256802 50.6035035, 22.0256051 50.6034206, 22.0255398 50.6033508, 22.0254832 50.6032971, 22.0254478 50.6032635, 22.0253092 50.6031405, 22.0252495 50.603091, 22.0251831 50.6030422, 22.025049 50.6029463, 22.0249991 50.6029138, 22.024872 50.6028311, 22.0247057 50.6027369, 22.0245179 50.6026393, 22.0243293 50.6025541, 22.0241379 50.6024787, 22.0240964 50.6025127));50.6031802;22.02530399256097
Sandomierska przystanek kolejowy 09;POLYGON ((22.025289 50.6031104, 22.0253978 50.603195, 22.0254245 50.603181, 22.0253157 50.6030968, 22.025289 50.6031104));50.6031457;22.025356642167132
Sandomierska przystanek kolejowy 10;POLYGON ((22.025289 50.6031104, 22.0253157 50.6030968, 22.0252019 50.6030068, 22.0251752 50.6030204, 22.025289 50.6031104));50.6030586;22.025245449999996
;POLYGON ((22.0761777 50.572384, 22.07623 50.5723971, 22.076372 50.5722666, 22.0763281 50.5722494, 22.0761777 50.572384));50.5723253;22.0762757088467
