StopName;Boarded;Alighted;TotalFlow
OKULICKIEGO - HALA TARGOWA;7622;7533;15155
Al.JANA PAWŁA II - Os.CENTRALNE I;7811;5996;13807
Al.JANA PAWŁA II - STACJA PALIW;6718;6762;13480
Al.JANA PAWŁA II - STRAŻ;7681;3704;11385
Al.JANA PAWŁA II - PORĘBY;4329;6184;10513
ROZWADÓW  RYNEK-02;1975;8096;10071
ROZWADÓW - RYNEK-01;7808;2040;9848
STASZICA - LO;4927;4589;9516
CZARNIECKIEGO - Os.LASOWIAKÓW;4907;4386;9293
Al JANA PAWŁA II - Os.MŁODYNIE;5173;2751;7924
STASZICA - DELIKATESY;3834;3574;7408
OKULICKIEGO - WIADUKT;2753;4532;7285
CZARNIECKIEGO - Os.FLISAKÓW;4109;3028;7137
NISKO - DOM HANDLOWY-02;30;7026;7056
OKULICKIEGO - PKS;3925;3035;6960
NISKO - DOM HANDLOWY-01;6749;157;6906
Al.JANA PAWŁA II - PORĘBY I;2573;3921;6494
POPIEŁUSZKI - APTEKA;3332;2973;6305
STASZICA - STACJA PALIW;3076;3196;6272
KEN - PARKING;3274;2174;5448
KWIATKOWSKIEGO - SP ZOZ-01;4123;1317;5440
POPIEŁUSZKI - BAZYLIKA;2484;2908;5392
KWIATKOWSKIEGO -  SP ZOZ-02;887;4209;5096
ORZESZKOWEJ - Os.METALOWCÓW;3406;1421;4827
NISKO - BIEDRONKA;4313;395;4708
KEN - WIADUKT;1568;3076;4644
OFIAR KATYNIA - CMENTARZ;2755;1704;4459
STASZICA - WZORCOWY;2720;1677;4397
ŻWIRKI i WIGURY - HOTEL HUTNIK;1920;2368;4288
OFIAR KATYNIA - PRZYCHODNIA;939;3101;4040
ENERGETYKÓW -  ELEKTROWNIA;3009;962;3971
NISKO - APTEKA;334;3628;3962
MICKIEWICZA - LO;1676;2226;3902
ORZESZKOWEJ - JUBILAT;1564;2272;3836
OFIAR KATYNIA - SUPER MARKET;1375;2228;3603
MICKIEWICZA - DWORZEC PKP;1586;1902;3488
OFIAR KATYNIA - FABRYCZNE;1323;2133;3456
OFIAR KATYNIA - JUBILAT;2217;1181;3398
ENERGETYKÓW - PRZEJAZD KOLEJOWY;956;2426;3382
GALERIA HANDLOWA VIVO-02;1046;2323;3369
KEN - HOTEL STAL-01;1647;1565;3212
KWIATKOWSKIEGO - RONDO SOLIDARNOŚCI HSW;1698;1396;3094
ŻWIRKI i WIGURY - ANDERSA;1688;1373;3061
KEN - RONDO;1585;1467;3052
GALERIA HANDLOWA VIVO-01;1955;993;2948
OKULICKIEGO - SUPERMARKET;1671;1253;2924
HUTNICZA - SZKOŁA;424;2394;2818
ENERGETYKÓW - SZKOŁA;715;2025;2740
WAŃKOWICZA-02;37;2489;2526
WAŃKOWICZA-01;2442;26;2468
KWIATKOWSKIEGO - URZĄD MIASTA;1204;1226;2430
NISKO - JEDNOSTKA WOJSKOWA-01;1976;281;2257
ENERGETYKÓW -  SWOŁY;1749;480;2229
NIEZŁOMNYCH - SUPERMARKET;857;1317;2174
OFIAR KATYNIA - POCZTA;1522;616;2138
HUTNICZA - APTEKA;516;1582;2098
NISKO - JEDNOSTKA WOJSKOWA-02;291;1797;2088
POPIEŁUSZKI - MOPS;1546;456;2002
PONIATOWSKIEGO -  SUPERMARKET-02;678;1322;2000
ZAJEZDNIA;963;1003;1966
PONIATOWSKIEGO - OCHRONKA;1168;692;1860
PONIATOWSKIEGO -  BANK;791;958;1749
HUTNICZA - PRZYCHODNIA;1237;477;1714
AGATÓWKA-01;1508;202;1710
PONIATOWSKIEGO - SUPERMARKET-01;1073;565;1638
Al. JANA PAWŁA II - GÓRKA;349;1264;1613
NIEZŁOMNYCH - SALON SAMOCHODOWY;639;864;1503
Al.JANA PAWŁA II - CMENTARZ;1235;262;1497
KWIATKOWSKIEGO - STREFA;1189;300;1489
OKULICKIEGO - BANK;472;881;1353
DĄBROWSKIEGO - DWORZEC PKP-01;1147;200;1347
CZARNIECKIEGO - Os.ZASANIE;73;1264;1337
POPIEŁUSZKI - DMOWSKIEGO;223;1097;1320
KEN - STACJA PALIW;698;621;1319
OGRODOWA - WIADUKT;1295;15;1310
DĄBROWSKIEGO - DWORZEC PKP-02;86;1210;1296
PYSZNICA - STRAŻ POŻARNA-02;43;1213;1256
PODLEŚNA - DOM DZIECKA;738;500;1238
OKULICKIEGO - ZBR;814;403;1217
PRZEMYSŁOWA - STACJA PALIW;265;935;1200
ENERGETYKÓW - SOPOCKA;921;234;1155
CZARNIECKIEGO -  DZIAŁKI;1102;31;1133
KLASZTORNA - CMENTARZ;187;936;1123
KASPRZYCKIEGO - ZZN-02;808;289;1097
PYSZNICA - STRAŻ POŻARNA-01;983;65;1048
MOSKALE-01;470;569;1039
JASTKOWICE - DK-02;0;1019;1019
PRZEMYSŁOWA - SKŁADY BUDOWLANE;736;276;1012
WAŃKOWICZA - JAGODOWA;947;24;971
Os.ZASANIE-01;656;299;955
GRABSKIEGO - MISTA;259;693;952
KEN - SANEPID;332;616;948
MALCE-02;237;711;948
KASPRZYCKIEGO - HSW S.A-01;116;829;945
POLNA - SZKOŁA-01;905;14;919
JASTKOWICE - DK-01;913;0;913
MOSKALE-02;489;420;909
PYSZNICA - WOLNOŚCI-02;28;880;908
PODLEŚNA - BLOKI;505;402;907
NIEZŁOMNYCH - STAROSTWO POWIATOWE;96;810;906
BRANDWICKA - Os.POSANIE-02;13;859;872
TOŁWIŃSKIEGO-01;198;638;836
MALCE-01;572;261;833
OKULICKIEGO - GÓRKA;470;349;819
OGRODOWA - BLOKI;45;772;817
TYSIĄCLECIA-01;803;13;816
GRABSKIEGO - ZZN;605;210;815
TOŁWIŃSKIEGO-02;419;375;794
AGATÓWKA-02;20;763;783
PYSZNICA - WOLNOŚCI-01;666;102;768
PILCHÓW - SKLEP-02;16;732;748
AGATÓWKA -02;0;747;747
SOSNOWA - LEŚNICZÓWKA;674;66;740
ZIARNY-02;98;638;736
PILCHÓW - SKLEP-01;730;3;733
KLASZTORNA - KLASZTOR;523;203;726
JAGODOWA-02;47;667;714
BRANDWICKA - SLOVRUR-01;693;7;700
NISKO - ARMES-01;571;128;699
OSIEDLE - BLOKI-02;293;403;696
Os.ZASANIE-02;94;596;690
POPIEŁUSZKI - SĄD;272;411;683
NISKO - ARMES-02;85;590;675
SANDOMIERSKA - MUZEUM-01;594;57;651
PYSZNICA - KRĘTA SZKOŁA-01;621;28;649
SOSNOWA -  LEŚNICZÓWKA;1;646;647
OSIEDLE - BLOKI-01;388;252;640
ZIARNY-01;504;135;639
ENERGETYKÓW - SOSNOWA;121;509;630
SOPOCKA - LEGIONÓW-02;191;432;623
POLNA - SZKOŁA-02;3;608;611
KWIATKOWSKIEGO - KUL;393;208;601
KASZTANOWA-02;11;573;584
SOPOCKA - LEGIONÓW-01;370;204;574
SOLIDARNOŚCI - PKP;187;384;571
ENERGETYKÓW - MLECZARNIA;263;307;570
ENERGETYKÓW - LOK;270;295;565
TYSIĄCLECIA-02;11;550;561
JASTKOWICE - ARMII KRAJOWEJ-01;539;7;546
KASZTANOWA-01;516;20;536
SOCHY - Os.CHARZEWICE;17;513;530
KASPRZYCKIEGO - HSW S.A-02;504;1;505
BRANDWICA - KOCHANOWSKIEGO-02;30;473;503
SOPOCKA - KOŚCIÓŁ-02;159;343;502
KŁYŻÓW - I-01;499;1;500
SANDOMIERSKA - MUZEUM-02;53;439;492
KWIATKOWSKIEGO - POLITECHNIKA;106;378;484
BOREK-02;27;446;473
BOREK-01;413;40;453
WSPÓLNA-01;443;4;447
OGRODOWA-01;421;17;438
MIRECKIEGO-02;35;394;429
KŁYŻÓW - I-02;9;407;416
SOPOCKA - KOŚCIÓŁ-01;268;128;396
KASPRZYCKIEGO - ZZN-01;22;368;390
WSPÓLNA-02;38;350;388
JASTKOWICE - ARMII KRAJOWEJ-02;7;379;386
SANDOMIERSKA - PKP-01;367;19;386
BRANDWICKA - KARNATY-02;5;378;383
TARNOWSKIEGO-01;366;15;381
TURBIA - SZKOŁA-01;369;8;377
SOPOCKA - KOMIS;85;286;371
BRANDWICA-SKRZYŻOWANIE-01;364;4;368
BRANDWICKA - GRUNDWALDZKA;39;299;338
TURBIA - SZKOŁA-02;45;290;335
BRANDWICA-02;25;291;316
SANDOMIERSKA - MODRZEWIOWA-02;4;300;304
DZIAŁKOWA OCZYSZCZALNIA-02;0;303;303
BRANDWICKA - TOPOLOWA;239;64;303
OGRODOWA-02;22;270;292
PYSZNICA - KRĘTA SZKOŁA-02;66;225;291
SANDOMIERSKA - MODRZEWIOWA-01;281;7;288
SOCHY-01;279;8;287
OLSZOWIEC - I-02;9;277;286
POPIEŁUSZKI - BANK;125;161;286
SOCHY-02;4;274;278
GRABSKIEGO - ALUTEC-02;8;267;275
PONIATOWSKIEGO - SZKOŁA-02;81;191;272
OLSZOWIEC - II-01;257;10;267
TARNOWSKIEGO-02;16;242;258
DZIAŁKOWA OCZYSZCZALNIA-01;253;3;256
KŁYŻÓW-01;254;0;254
BRANDWICA-01;237;9;246
WRZOSOWA - DOMKI-01;240;5;245
ZALESZANY - KOŚCIÓŁ-02;0;242;242
WRZOSOWA - DOMKI-02;6;235;241
COP - ZMBPOK;203;34;237
KŁYŻÓW - BŁOŃSKA-01;227;9;236
COP - ZAKŁAD KUŻNIA MATRYCOWA;36;195;231
SANDOMIERSKA - PKP-02;18;208;226
KŁYŻÓW-02;6;217;223
GRABSKIEGO - ALUTEC-01;222;0;222
OLSZOWIEC - I-01;202;17;219
KŁYŻÓW - II-01;216;1;217
BRANDWICKA - PODSKARPOWA-02;12;204;216
JASTKOWICE - BRANDWICKA-02;4;207;211
PRZYSZOWSKA-01;207;3;210
OLSZOWIEC - IV-01;209;0;209
DZIAŁKOWA DOM DZIAŁKOWCA-01;188;20;208
GRABSKIEGO - TRYUMF;205;2;207
MIRECKIEGO-01;197;8;205
COP - POSTERUNEK CELNY-02;23;181;204
SOLIDARNOŚCI-02;3;200;203
BRANDWICKA - Os.POSANIE-01;197;2;199
WSPÓLNA - PKP;23;172;195
BRANDWICKA - KARNATY-01;185;5;190
PRZYSZOWSKA-02;0;188;188
SANDOMIERSKA - ZIOŁOWA-01;184;4;188
ZBYDNIÓW - CENTRUM-01;183;0;183
KŁYŻÓW - BŁOŃSKA-02;0;177;177
COP - WODOCIĄGI-02;13;158;171
BRANDWICKA - RÓŻANA;159;10;169
ZBYDNIÓW - CENTRUM-02;12;157;169
OLSZOWIEC - IV-02;5;163;168
JASTKOWICE - BRANDWICKA-01;160;3;163
OLSZOWIEC - III-01;161;1;162
1-go SIERPNIA-SZKOŁA IM.T.KOŚCIUSZKI-02;13;149;162
BRANDWICA - KOCHANOWSKIEGO-01;144;15;159
ŚWIERKOWA - BRZOZOWA-01;144;15;159
COP - POSTERUNEK CELNY-01;143;14;157
ZALESZANY-01;154;1;155
RACŁAWICE - KOŚCIÓŁ-01;155;0;155
OLSZOWIEC - II-02;10;144;154
KŁYŻÓW - II-02;9;144;153
OLSZOWIEC - V-01;138;13;151
PONIATOWSKIEGO - SZKOŁA-01;37;110;147
MISTA-02;1;140;141
DZIAŁKOWA DOM DZIAŁKOWCA-02;5;136;141
ZALESZANY - KOŚCIÓŁ-01;139;0;139
SOCHY - DZIAŁKI-02;4;134;138
TARGOWA-02;57;80;137
PYSZNICA - NOWA-02;4;133;137
KWIATKOWSKIEGO - AMBULATORIUM;64;72;136
TURBIA - LOTNISKO-01;125;6;131
OLSZOWIEC - V-02;9;116;125
GRABSKIEGO - ZKM-01;124;0;124
SANDOMIERSKA - ZIOŁOWA-02;1;121;122
OLSZOWIEC - III-02;7;114;121
SOCHY - DZIAŁKI-01;121;0;121
ZBYDNIÓW - POCZTA-01;117;3;120
ZBYDNIÓW - POCZTA-02;4;113;117
PYSZNICA - NOWA-01;103;6;109
DZIAŁKOWA OCZKO-02;34;70;104
NIEZŁOMNYCH - SKRZYŻOWANIE;35;67;102
GRABSKIEGO - IKEA;52;47;99
TURBIA - LOTNISKO-02;7;88;95
ŚWIERKOWA - BRZOZOWA-02;4;83;87
AGATÓWKA - LIPOWA-01;84;0;84
RĘDZINY-02;6;77;83
TARGOWA-01;46;34;80
ŚWIERKOWA - MODRZEWIOWA-01;74;5;79
DZIAŁKOWA OCZKO-01;54;24;78
MISTA-01;76;0;76
JODŁOWA-01;75;0;75
RACŁAWICE - KOŚCIÓŁ-02;0;72;72
ŚWIERKOWA - MODRZEWIOWA-02;0;70;70
ZBYDNIÓW - STACJA PALIW-02;0;68;68
SPACEROWA-02;1;66;67
COP - WODOCIĄGI-01;28;38;66
NOWA WIEŚ-01;66;0;66
CERKAMED-02;0;65;65
GRABSKIEGO - ZKM-02;4;59;63
KUSOCIŃSKIEGO-02;0;60;60
GRABSKIEGO - WTÓRSTEEL;7;53;60
KWIATKOWSKIEGO - URZĄD SKARBOWY;20;39;59
OBOJNA - CENTRALNA-02;0;56;56
KUSOCIŃSKIEGO-01;53;3;56
ZBYDNIÓW - STACJA PALIW-01;55;0;55
SIKORSKIEGO-01;53;1;54
AGATÓWKA - LIPOWA-02;3;49;52
GRABSKIEGO - M16-2;16;35;51
CERKAMED-01;44;7;51
WRZOSOWA - SKAMAT-01;48;1;49
WOLINA-02;1;46;47
JODŁOWA-02;3;43;46
NOWA WIEŚ-02;0;46;46
OBOJNA - CENTRALNA-01;44;1;45
NISKO - WOLNOŚCI-01;25;18;43
NOWA WIEŚ - PKS-01;37;2;39
PRZEMYSŁOWA - BOCZNA-01;8;29;37
SOSNOWA - I-02;22;12;34
ZBYDNIÓW - KARCZMISKA-01;33;1;34
WRZOSOWA - SKAMAT-02;0;33;33
1-go SIERPNIA-SZKOŁA IM.T.KOŚCIUSZKI-01;0;32;32
WRZOSOWA - PRZEDSZKOLE-01;32;0;32
NOWA WIEŚ - PKS-02;1;30;31
SIKORSKIEGO-02;1;29;30
SOSNOWA - I-01;21;9;30
ZBYDNIÓW - KARCZMISKA-02;2;27;29
NOWA WIEŚ - I-01;26;0;26
PALENIE-01;0;24;24
SOSNOWA-01;19;4;23
SOSNOWA-02;7;16;23
PILCHÓW - II-02;0;22;22
RĘDZINY-01;18;0;18
WOLINA-01;14;0;14
PALENIE-02;13;0;13
PILCHÓW - I-01;12;0;12
SANDOMIERSKA - PRZYSTANEK KOLEJOWY-01;12;0;12
SANDOMIERSKA - PRZYSTANEK KOLEJOWY-02;0;10;10
PILCHÓW - II-01;8;1;9
JASNA POLANA-02;9;0;9
NISKO - WOLNOŚCI PRZYCHODNIA-02;0;9;9
ZJAZD DO ZAJEZDNI Z KŁYŻOWA;4;5;9
ZJAZD DO ZAJEZDNI Z NISKA;2;6;8
PRZEMYSŁOWA - BOCZNA-02;0;7;7
BUKOWA-02;7;0;7
NOWA WIEŚ - I-02;0;7;7
MIŁA-02;7;0;7
GRANICZNA - WIADUKT-02;2;4;6
BUKOWA-01;0;6;6
SOLIDARNOŚCI-01;6;0;6
NISKO - TYSIĄCLECIA BLOKI;3;2;5
GRANICZNA - KOŚCIÓŁ-01;3;1;4
ODLEWNIA-02;0;3;3
MIŁA-01;0;3;3
WRZOSOWA -  PRZEDSZKOLE-02;0;3;3
ZJAZD DO ZAJEZDNI Z AGATÓWKI;1;1;2
ZJAZD DO ZAJEZDNI Z JASTKOWIC;0;2;2
JASNA POLANA-01;0;2;2
SPACEROWA-01;1;0;1
PILCHÓW - I-02;0;1;1
ODLEWNIA-01;0;0;0
